{"packages/cupertino_icons/assets/CupertinoIcons.ttf":["packages/cupertino_icons/assets/CupertinoIcons.ttf"],"assets/fonts/Manrope_Bold.otf":["assets/fonts/Manrope_Bold.otf"],"assets/fonts/Manrope_Regular.otf":["assets/fonts/Manrope_Regular.otf"],"assets/fonts/Poppins-ExtraBold.otf":["assets/fonts/Poppins-ExtraBold.otf"],"assets/images/about.png":["assets/images/about.png"],"assets/images/address.png":["assets/images/address.png"],"assets/images/cart.png":["assets/images/cart.png"],"assets/images/cc_specials.png":["assets/images/cc_specials.png"],"assets/images/copy.png":["assets/images/copy.png"],"assets/images/dish1.png":["assets/images/dish1.png"],"assets/images/dish2.png":["assets/images/dish2.png"],"assets/images/dish3.png":["assets/images/dish3.png"],"assets/images/dish4.png":["assets/images/dish4.png"],"assets/images/dish5.png":["assets/images/dish5.png"],"packages/progress_dialog/assets/double_ring_loading_io.gif":["packages/progress_dialog/assets/double_ring_loading_io.gif"],"packages/loading_more_list/assets/empty.jpeg":["packages/loading_more_list/assets/empty.jpeg"],"assets/images/forword_arrow.png":["assets/images/forword_arrow.png"],"assets/images/home.png":["assets/images/home.png"],"assets/images/image.png":["assets/images/image.png"],"assets/images/image2.png":["assets/images/image2.png"],"assets/images/logo.png":["assets/images/logo.png"],"assets/images/logout.png":["assets/images/logout.png"],"assets/images/more.png":["assets/images/more.png"],"assets/images/next.png":["assets/images/next.png"],"assets/images/offers.png":["assets/images/offers.png"],"assets/images/otp_image.jpg":["assets/images/otp_image.jpg"],"assets/images/otp_img.png":["assets/images/otp_img.png"],"assets/images/password.png":["assets/images/password.png"],"assets/images/points.png":["assets/images/points.png"],"assets/images/profile.png":["assets/images/profile.png"],"assets/images/refer.png":["assets/images/refer.png"],"assets/images/refer_img.png":["assets/images/refer_img.png"],"assets/images/reg_img.png":["assets/images/reg_img.png"],"assets/images/spalsh_bg.png":["assets/images/spalsh_bg.png"],"assets/images/splash_bg.png":["assets/images/splash_bg.png"],"assets/images/splash_img.png":["assets/images/splash_img.png"],"assets/images/support.png":["assets/images/support.png"],"assets/images/thanks_img.png":["assets/images/thanks_img.png"],"assets/images/updates.png":["assets/images/updates.png"],"assets/images/upload.png":["assets/images/upload.png"]}